<?xml version="1.0" encoding="UTF-8"?>
<project-private xmlns="http://www.netbeans.org/ns/project-private/1">
    <editor-bookmarks xmlns="http://www.netbeans.org/ns/editor-bookmarks/2" lastBookmarkId="0"/>
    <open-files xmlns="http://www.netbeans.org/ns/projectui-open-files/2">
        <group>
            <file>file:/C:/Users/tuan6/Documents/NetBeansProjects/lab6.1/src/model/Customer.java</file>
            <file>file:/C:/Users/tuan6/Documents/NetBeansProjects/lab6.1/src/controller/CompanyManagement.java</file>
            <file>file:/C:/Users/tuan6/Documents/NetBeansProjects/lab6.1/src/view/Menu.java</file>
            <file>file:/C:/Users/tuan6/Documents/NetBeansProjects/lab6.1/src/view/Test.java</file>
            <file>file:/C:/Users/tuan6/Documents/NetBeansProjects/lab6.1/src/controller/Validate.java</file>
            <file>file:/C:/Users/tuan6/Documents/NetBeansProjects/lab6.1/src/model/Company.java</file>
        </group>
    </open-files>
</project-private>
