<?xml version="1.0" encoding="UTF-8"?>
<project-private xmlns="http://www.netbeans.org/ns/project-private/1">
    <editor-bookmarks xmlns="http://www.netbeans.org/ns/editor-bookmarks/2" lastBookmarkId="0"/>
    <open-files xmlns="http://www.netbeans.org/ns/projectui-open-files/2">
        <group>
            <file>file:/C:/FU/QuestionBank/SUMMER%202023/PRO192/HuyNM/ForChecking/Q3/Q3A/Given/src/Main.java</file>
            <file>file:/C:/FU/QuestionBank/SUMMER%202023/PRO192/HuyNM/ForChecking/Q3/Q3A/Given/src/MotoList.java</file>
            <file>file:/C:/FU/QuestionBank/SUMMER%202023/PRO192/HuyNM/ForChecking/Q3/Q3A/Given/src/Motorbike.java</file>
        </group>
    </open-files>
</project-private>
