<?xml version="1.0" encoding="UTF-8"?>
<project-private xmlns="http://www.netbeans.org/ns/project-private/1">
    <editor-bookmarks xmlns="http://www.netbeans.org/ns/editor-bookmarks/2" lastBookmarkId="0"/>
    <open-files xmlns="http://www.netbeans.org/ns/projectui-open-files/2">
        <group/>
        <group name="PRO192">
            <file>file:/C:/Users/PHAM%20KHAC%20VINH/OneDrive%20-%20vinhdeptrai/My-Driver/semester%202/PRO192-%20Binhnv/PE/FALL-2022-HCM-01/my-sol/PE_PRO192_FALL22_001/PE_PRO192_FALL22_010101/PaperNo_1/3/src/Item.java</file>
            <file>file:/C:/Users/PHAM%20KHAC%20VINH/OneDrive%20-%20vinhdeptrai/My-Driver/semester%202/PRO192-%20Binhnv/PE/FALL-2022-HCM-01/my-sol/PE_PRO192_FALL22_001/PE_PRO192_FALL22_010101/PaperNo_1/3/src/ItemList.java</file>
        </group>
    </open-files>
</project-private>
